Unique Url,FQDN,Website Size in KB,Website Textual Content Length,Status Code,Parked
83hm2uaj.kzra.in/?/OVA013,83hm2uaj.kzra.in,0,0,-1,0
https://usps-intend.shop,usps-intend.shop,0,0,-1,0
https://aritc.yru.ac.th/redirect/78?url=bit.do/jmelgrud,aritc.yru.ac.th,0,0,200,0
http://site.rdv360.com/free/main45/mail?=924514,site.rdv360.com,14187,89,200,0
https://urlsr.com/LY9llxL ,urlsr.com,310,12,200,0
https://delivery-customscharges.com/,delivery-customscharges.com,0,0,-1,0
https://rebrand.ly/grppwwr,rebrand.ly,207387,2180,200,1
https://irs.gov.secure-fundhub.com,irs.gov.secure-fundhub.com,0,0,-1,0
https://unzups.com,unzups.com,0,0,-1,0
http://xtfpnp.com/Q2osg44,xtfpnp.com,0,0,-1,0
https://groupme.prizeforyou.site/,groupme.prizeforyou.site,0,0,-1,0
tidenet.co,tidenet.co,0,0,-1,0
http://107.175.219.12/Depot.php,107.175.219.12.,0,0,-1,0
reamvino.com/SvjMeq1eKD,reamvino.com,0,0,-1,0
www.ClaimRefund.info,www.ClaimRefund.info,0,0,-1,0
remedyfr.com/index.php?key=d2jqpwg6d7a2uz7cs98z&h=GOGlqvlGm,remedyfr.com,0,0,-1,0
chatwhatsapp.me/aXclhpU4CXfm5,chatwhatsapp.me,114,0,200,1
lksr.link/9pvvbF,lksr.link,0,0,-1,0
n5d4q.info/KmxyTy5uNN,n5d4q.info,0,0,-1,0
http://pslajs.com/ROpuoXO,pslajs.com,0,0,-1,0
https://api.hubapi.com/Ctc /ZW+23284/d2L62N04/Jk82-6q7W5BW0B061Z3plW6qjYVj6j Nbb9W75Vnln5G61ZvW1vhZtP53vtK-W8vnQN336nW6KW556BxQt7bXvSXW7bbhZ06Vfc7W4p1C3V6ILh0sN7wPGFJDs5RVW277m1-1vHbvXW2mS7Fj1q2c LYVCHGwQ40KIpqW515nb68m6k r2W1xmilR64Z56HW6hqvCf6MpBRmW2n9YNB8cLk0ZW461PgF8KdXJTf1tQhmP04,api.hubapi.com,135618,8439,200,0
https://onelink.to/mmbershippos.co_di.p,onelink.to,3733,750,200,0
www.awqvfz.rip/16logt,www.awqvfz.rip,0,0,-1,0
whatsapp://chat/join/?code=KitRluT3zBxDiLCOMxnDsN&nkdc-qafokl,.chat,0,0,-1,0
http://www.xprswebsite.com/free/usere444/redire444/?=3458455,www.xprswebsite.com,0,0,-1,0
unusa.id/9rua,unusa.id,10528,1102,200,0
saismbb.com/03bMrEEM,saismbb.com,0,0,-1,0
https://rebrand.ly/tw0ajjr,rebrand.ly,207387,2180,200,1
https://secur-34b0a-protect.duckdns.org/auth/,secur-34b0a-protect.duckdns.org,0,0,-1,0
https://jf245-fedex.me/y.jDxio?37588372,jf245-fedex.me,0,0,-1,0
https://chat.whatsapp.com/K106E9p3FvgAhOIYE5MA8v,chat.whatsapp.com,181679,3040,200,0
getcash.hellofunds.space,getcash.hellofunds.space,0,0,-1,0
https://Cibc-security-department2023.com,Cibc-security-department2023.com,0,0,-1,0
help3720.pagetroubleamzcustomer.us/?id367,help3720.pagetroubleamzcustomer.us,0,0,-1,0
https://rb.gy/00dc0,rb.gy,372242,12265,200,1
2ax.com/K0gU1,2ax.com,19500,1111,200,0
BankOfAmericaDebit05.com,BankOfAmericaDebit05.com,0,0,-1,0
https://scre-bollafca.live/login,scre-bollafca.live,0,0,-1,0
https://link.aftership.com/3SeJ6,link.aftership.com,0,0,400,0
http://zvsjxy.com/4qAcRgK,zvsjxy.com,0,0,-1,0
http://194.87.141.136///E.php,194.87.141.136.,0,0,-1,0
ptycglvlogd.info/Rdeu,ptycglvlogd.info,0,0,-1,0
puX30.com/5q5PfG9Xhm,puX30.com,0,0,-1,0
https://www.hympes.com?token=kLiSsmaTxrkYPhNN,www.hympes.com,0,0,-1,0
https://usps.trckingstamp.com,usps.trckingstamp.com,0,0,-1,0
http://cggcvt.com/J24sll9,cggcvt.com,0,0,-1,0
https://unileverplcpromo01.wixsite.com/wrap,unileverplcpromo01.wixsite.com,0,0,404,0
https://bit.ly/3SIKE1M,bit.ly,106530,8532,200,1
warrantgeneration.com/RsCoLlrDrs,warrantgeneration.com,0,0,-1,0
http://account.my-profile-33923332.com,account.my-profile-33923332.com,0,0,-1,0
risu.io/e75CA,risu.io,0,0,200,0
https://citizen3.swaratechnology.com/indexs.php?inc,citizen3.swaratechnology.com,0,0,-1,0
https://tools.usps-type-in.com,tools.usps-type-in.com,0,0,-1,0
http://kjhcmb.com/7wEf2VN,kjhcmb.com,0,0,-1,0
http://winner@3117711444/tpi23?id=2f57943,3117711444.,0,0,-1,0
flimsyfooting.com/RugSJP91a6,flimsyfooting.com,0,0,-1,0
https://me2.do/GBIOwzEt?V4ZGKR,me2.do,0,0,404,0
https://tinyurl.com/7jvV5nL,tinyurl.com,13574,0,200,1
https://uspspgcm.com,uspspgcm.com,0,0,-1,0
https://usps.myservice-tracking.com,usps.myservice-tracking.com,0,0,-1,0
hwqpzhm.com/QVdV9ppD,hwqpzhm.com,0,0,-1,0
sexyjessie.us,sexyjessie.us,0,0,-1,0
https://accessrestorenow.netlify.app/,accessrestorenow.netlify.app,0,0,404,0
ju11n.xyz/hXwQ9T2DpP,ju11n.xyz,0,0,-1,0
anniversarys-mag.jp/urls?mode=go&pageid=2660&url=golnk.eu/fPjTwhgdgdgzjgfjdg#pihcl,anniversarys-mag.jp,22436,2155,200,0
approvedlink.info/pvKdPvhsrMpn,approvedlink.info,0,0,-1,0
https://uqfups.com,uqfups.com,0,0,-1,0
jpmorgan9webio.com/,jpmorgan9webio.com,0,0,-1,0
http://prmytz.com/9yJfrBg,prmytz.com,0,0,-1,0
o15z5.hcya-svka.us/?UserID-ODPCRHZKOR,o15z5.hcya-svka.us,0,0,-1,0
http://checkthis1.info/g5L6DJmM2F,checkthis1.info,0,0,-1,0
https://chat.whatsapp.com/E29ZpfVxDLCDU0lz6g5Pju,chat.whatsapp.com,181681,3040,200,0
d8iHL.Com/RjS6w33AXD,d8iHL.Com,0,0,-1,0
spikefibrous.com/TrarTX,spikefibrous.com,0,0,-1,0
vocalsprolonged.com/ZSgingd6vi,vocalsprolonged.com,0,0,-1,0
YR431.coM/KDO0JQ9MWE,YR431.coM,0,0,-1,0
https://s.id/1rAQj,s.id,111345,4346,200,0
Xbfool.com/2bJUlu,Xbfool.com,0,0,-1,0
https://billingupdate.tvymdlywoxxc.com:911@normaly-run.000webhostapp.com/gac,normaly-run.000webhostapp.com,0,0,-1,0
http://gs80xb1u7wy5vb.deals,gs80xb1u7wy5vb.deals,0,0,-1,0
https://cashrequestonline.com/?cguid=eae2fef9-2d38-4ae3-bec4-e4084991f38d,cashrequestonline.com,0,0,-1,0
https://my-trufl.com/TZWF37FdJ05,my-trufl.com,0,0,-1,0
https://usps.address-trace.shop,usps.address-trace.shop,0,0,-1,0
https://uspyk.top,uspyk.top,0,0,-1,0
http://www.usinps.com/go/Tracking/D18P4,www.usinps.com,0,0,-1,0
risu.io/fTVXM,risu.io,0,0,200,0
https://wsends.com/go/Tracking/R2H9,wsends.com,0,0,-1,0
whatsapp://chat/?code=BjRONw5G6rTFovXUNQ799f,.chat,0,0,-1,0
http://194.87.140.6#yfuy.php,194.87.140.6.,0,0,-1,0
boaonlineverified.com,boaonlineverified.com,0,0,-1,0
https://frontiershopper.com/apply-now/,frontiershopper.com,0,0,-1,0
https://citi-06.com,citi-06.com,0,0,-1,0
prhomitaddr.info/Mfwe,prhomitaddr.info,0,0,-1,0
http://wealthaccept.financial/94T4CvdP,wealthaccept.financial,0,0,-1,0
http://wQXr2BUNaEJEntqhluMkYi.media,wQXr2BUNaEJEntqhluMkYi.media,0,0,-1,0
6psf.solvemember24.us/?sign,6psf.solvemember24.us,0,0,-1,0
https://flexalert.link/fourtonine?id=66ZA,flexalert.link,0,0,-1,0
http://gghcfp.com/ImZsmDB,gghcfp.com,0,0,-1,0
http://healthdoor.boutique/d8uGZhsJ,healthdoor.boutique,0,0,-1,0
https://irs.gov.direct-paying.com,irs.gov.direct-paying.com,0,0,-1,0
http://tftjrl.com/8xGFWIB,tftjrl.com,0,0,-1,0
http://justizama.mx/visaprepaid/edd/first.htm?dKWrvyq1b2pKb7EyPv6T40yvce gR6EsgyEXA1ljmb0YYboEnsGvFXUwAslrbUhofCix4TnfW1c2KvWNSAm4alG30Khf2Rn9NamNMguHpHSQof8T6U3zDECrWiCrpe96umQHD3,justizama.mx,0,0,-1,0
irs.gov.direct-capitals.com,irs.gov.direct-capitals.com,0,0,-1,0
gh196.COM/79HAVH1xY8,gh196.COM,0,0,-1,0
http://www.web.billing problem3868.b3k5h.com,www.web.billing problem3868.b3k5h.com,0,0,-1,0
aprpok.com/2pRGFz,aprpok.com,0,0,-1,0
http://uspsdeliveryrd.ga/,uspsdeliveryrd.ga,0,0,-1,0
regionscardalerts.com,regionscardalerts.com,0,0,-1,0
f2gpy.info/RzNKEwsZve,f2gpy.info,0,0,-1,0
http://neckadvice.financial/PWvk1Wpa,neckadvice.financial,0,0,-1,0
http://augmentreversed.com/KIZWr1,augmentreversed.com,0,0,-1,0
https://si-rbcroyalbank.com/,si-rbcroyalbank.com,0,0,-1,0
wowgo.app.link/luAzIC,wowgo.app.link,0,0,404,0
irs.gov.direct-paying.com,irs.gov.direct-paying.com,0,0,-1,0
http://arsenicbon.shopping/tFet5j,arsenicbon.shopping,0,0,-1,0
Inkd.in/etiYT6vd,Inkd.in,0,0,-1,0
wepay-topvalue.com/bf2f414d45,wepay-topvalue.com,0,0,-1,0
http://s953131863.onlinehome.us/authcust,s953131863.onlinehome.us,0,0,-1,0
https://ffm.to/plans-membership,ffm.to,0,0,404,0
https://chat.whatsapp.com/,chat.whatsapp.com,181679,3040,200,0
https://www.after-salescenter.win,www.after-salescenter.win,0,0,-1,0
2.approvedurls1.info,2.approvedurls1.info,0,0,-1,0
https://rb.gy/x178u,rb.gy,372242,12265,200,1
usps.uspsgu.com,usps.uspsgu.com,0,0,-1,0
http://ywrfyp.com/VkwuzqG,ywrfyp.com,0,0,-1,0
u1.mnge.co/DJ8PKA,u1.mnge.co,9940,147,200,0
https://ab.gl/CMSbi,ab.gl,71943,3817,200,0
areanitrogen.com/Leye1E,areanitrogen.com,0,0,-1,0
https://bit.ly/35Xs2rW,bit.ly,106530,8532,200,1
disciplepurse.com/HvMe3JH,disciplepurse.com,0,0,-1,0
https://uspxzpl.top,uspxzpl.top,0,0,-1,0
state.goo.gl/tap-,state.goo.gl,0,0,-1,0
https://tinyurl.com/23wkrzag,tinyurl.com,13574,0,200,1
Kp7C1.shoP/GTxulg9ld,Kp7C1.shoP,0,0,-1,0
nearhonor.com/dZDijo,nearhonor.com,0,0,-1,0
http://eddphelp.info,eddphelp.info,0,0,-1,0
Regions-PROTECT.com,Regions-PROTECT.com,0,0,-1,0
https://bit.ly/3shWipe,bit.ly,106530,8532,200,1
https://mortgageassociatescc.com/acr/Alturacu,mortgageassociatescc.com,114,0,200,1
http://netflixaccount.node:911@env-7112168.node.cloudlets.zone/,env-7112168.node.cloudlets.zone,0,0,-1,0
POSC9.XYZ/YgSpZZjZoh,POSC9.XYZ,0,0,-1,0
https://usps.trckspost.com,usps.trckspost.com,0,0,-1,0
http://www.xprswebsite.com/free/userf111/redirf111/?=5826865,www.xprswebsite.com,0,0,-1,0
http://pricesever.financial/j07mFgmb,pricesever.financial,0,0,-1,0
https://cheapauto.coverages4.me/XL1isumEsTX3,cheapauto.coverages4.me,0,0,-1,0
https://oasioa.cf/wellsfargo.com/?restore,oasioa.cf,0,0,-1,0
https://win22.org/r.wr?id=9wJ8pTXh,win22.org,24165,326,200,1
yrt1x.info/RbGWPZ6FRQ,yrt1x.info,0,0,-1,0
https://tinyurl.com/2e2e85bw,tinyurl.com,13574,0,200,1
chl8vo.com/ykrrb,chl8vo.com,0,0,-1,0
wfmobi1r3st.com,wfmobi1r3st.com,0,0,-1,0
https://mobile1.blob.core.windows.net/25897/25897.html,mobile1.blob.core.windows.net,0,0,400,0
http://pqlhvds.in/40611,pqlhvds.in,0,0,-1,0
https://website.roomraccoon.com/free/help96/mail?=70352032,website.roomraccoon.com,16051,114,200,0
https://bit.ly/3ErwRWW,bit.ly,106530,8532,200,1
http://nfcucardservices.org,nfcucardservices.org,0,0,-1,0
https://nfcu01b-sign00.gipsitv.org,nfcu01b-sign00.gipsitv.org,0,0,-1,0
https://chat.whatsapp.com/IbhbaL5NHtbDyMz910Jumj,chat.whatsapp.com,181678,3040,200,0
t.me/+447864529328 Janey6583,t.me,19491,1851,200,0
https://fix-account.ffm.to/limited,fix-account.ffm.to,0,0,404,0
https://wwww.soporteappleld.ocppl-com.de/25t6r/,wwww.soporteappleld.ocppl-com.de,0,0,-1,0
usps.upspb.com,usps.upspb.com,0,0,-1,0
http://broug.training/lu89eN,broug.training,0,0,-1,0
https://shb52.app.link/K5KjPGI,shb52.app.link,0,0,404,0
spongelowering.com/fxxgMDq,spongelowering.com,0,0,-1,0
http://updatebillingpage.us:911@s957584550.onlinehome.us/nod,s957584550.onlinehome.us,0,0,-1,0
hub7news.com/s,hub7news.com,0,0,-1,0
c7dvr.info/FGdGtk12vilM,c7dvr.info,0,0,-1,0
https://wfveri-info.com,wfveri-info.com,0,0,-1,0
naturalcbdcoffee.xyz/1X0g3jAK5n,naturalcbdcoffee.xyz,0,0,-1,0
x0ang.info/hYE427wAom,x0ang.info,0,0,-1,0
https://tinyurl.com/TOR7zfT,tinyurl.com,13574,0,200,1
61uxsyo.qmrWM.Com/zyd8,61uxsyo.qmrWM.Com,0,0,-1,0
tc60gwozak.co/vyrgtrgd,tc60gwozak.co,0,0,-1,0
rebrand.ly/usp36,rebrand.ly,207387,2180,200,1
notbankofamerica.com/XJY23VB,notbankofamerica.com,114,0,200,1
https://forms.office.com/Pages/ResponsePage.aspx?id=DQSIKWdsW0yxEjajBLZtrQAAAAAAAAAAAAMAAFKUZBIURFg1TU8wQlhSTVBSSKJHSIhRSU1YROJHUS4u,forms.office.com,43722,8,200,0
nfcualert.site,nfcualert.site,0,0,-1,0
https://cberrorfix.me/3NX,cberrorfix.me,0,0,-1,0
https://photo.a4d8.us/xnhbmikwu,photo.a4d8.us,1118,0,200,1
http://seizingblessing.directory/BZnYMyug,seizingblessing.directory,0,0,-1,0
http://194.87.143.43///w.php,194.87.143.43.,0,0,-1,0
https://wa.me/8801909866268,wa.me,180852,3011,200,0
https://www.assistance-usrprocess.com,www.assistance-usrprocess.com,0,0,-1,0
whatsapp://chat/?code=Jhg4JbfHxgplRPfeSxakwK,.chat,0,0,-1,0
mentioningdears.com/nzWjdtrM93,mentioningdears.com,0,0,-1,0
http://pmbox.online/4UWqiD288PcPb7meokxwnhfo1YYRFWVNSQEUQXDH101630/79654a11,pmbox.online,0,0,-1,0
https://uspbb.top,uspbb.top,0,0,-1,0
bit.ly/89BNsg81289,bit.ly,106530,8532,200,1
https://chat.whatsapp.com/DwgaJGaBiUW3PLPfszRsuf,chat.whatsapp.com,181681,3040,200,0
https://tinyurl.llc/FAtW7F,tinyurl.llc,0,0,404,0
https://onelink.to/memberbils.com_dir.p,onelink.to,213672,743,200,0
igyre.cc/Kky7RkR,igyre.cc,0,0,-1,0
http://prettyplump.directory/DFzOyZtj,prettyplump.directory,0,0,-1,0
http://www.netflix.com:911@s955341113.onlinehome.us/ven,s955341113.onlinehome.us,0,0,-1,0
v4.hvg.in/.861G6,v4.hvg.in,0,0,-1,0
gt33.pw/snlXXnncQ3,gt33.pw,0,0,-1,0
onx.la/00cfc,onx.la,33180,3810,200,0
slp2.xyz/sPldg93jsOW7,slp2.xyz,0,0,-1,0
e103c-ups.com/?=bej,e103c-ups.com,0,0,-1,0
http://tvmscy.com/B2VSOWO,tvmscy.com,0,0,-1,0
tinyurl.com/Rauchk,tinyurl.com,13574,0,200,1
https://miborealityasociate.wixsite.com/mibor,miborealityasociate.wixsite.com,0,0,404,0
https://chat.whatsapp.com/HqlT2mgLcHQCOwoq4vJ62N,chat.whatsapp.com,181675,3040,200,0
rlwrr.info/d4csZAeztK,rlwrr.info,0,0,-1,0
quotienteminent.com/UbMa99,quotienteminent.com,0,0,-1,0
https://www.rodvsps.com/go/Tracking/U1A21,www.rodvsps.com,0,0,-1,0
http://nfH5FwiU9mht56ku.homes,nfH5FwiU9mht56ku.homes,0,0,-1,0
https://saveonautocoverage3.me/1nhQEbD4FaH6,saveonautocoverage3.me,0,0,-1,0
ibii.me/JA9wQ3,ibii.me,0,0,-1,0
8pt21.scr-tyalrt5.us/?UserID-IOCDCZKFAK,8pt21.scr-tyalrt5.us,593,0,200,1
http://vcljcy.com/rvjF706,vcljcy.com,0,0,-1,0
whatseehere2.info/fDoWou,whatseehere2.info,0,0,-1,0
https://romualdo.exe.it/AKARA.html,romualdo.exe.it,0,0,-1,0
http://abundantbis.limited/x7iLqJ,abundantbis.limited,0,0,-1,0
encumberrapidit.com/b4xUQc,encumberrapidit.com,0,0,-1,0
https://rebrand.ly/v7qj08h,rebrand.ly,207387,2180,200,1
7knfu.za.com,7knfu.za.com,0,0,-1,0
chaselocked.com/web,chaselocked.com,0,0,-1,0
https://t.snapchat.com/ruoK9x3T,t.snapchat.com,94885,2519,200,0
https://lnkd.in/eZXKcEdF,lnkd.in,140927,5254,200,0
http://hygrjv.com/2oyhOQV,hygrjv.com,0,0,-1,0
http://voicetabular.boutique/3djn3c6x,voicetabular.boutique,0,0,-1,0
http://alert-comerica.com,alert-comerica.com,0,0,-1,0
wklnv.me/nK7NWdxQXN,wklnv.me,0,0,-1,0
http://r2s9hq82ne.mmnrxeqmcv.nikxc.org,r2s9hq82ne.mmnrxeqmcv.nikxc.org,0,0,-1,0
http://psjzzw.com/no2hgVq,psjzzw.com,0,0,-1,0
http://attorneyent.limited/S7cW3A,attorneyent.limited,0,0,-1,0
iziroz.online/92N1ZWO,iziroz.online,0,0,-1,0
http://obliquerupture.directory/rvgFs6Ae,obliquerupture.directory,0,0,-1,0
http://pendulumexchange.directory/MVanC60M,pendulumexchange.directory,0,0,-1,0
clickherenow.me/YSOHESIZ,clickherenow.me,0,0,-1,0
https://t.co/qVM5acOYOu?qrxxsviswlr,t.co,3367,295,200,0
j2xnc.info/Nqc7tV1FoELv,j2xnc.info,0,0,-1,0
https://www.ussoton.com/best,www.ussoton.com,0,0,-1,0
http://tbmuy.ncmie.com,tbmuy.ncmie.com,0,0,-1,0
chatatwhatsapp.me/higiKhAE9VALifa,chatatwhatsapp.me,0,0,-1,0
https://www.utpht.com,www.utpht.com,0,0,-1,0
https://network3.blob.core.windows.net/twhqvz/twhqvz.html,network3.blob.core.windows.net,0,0,-1,0
http://wreathcrossbow.com/ZpRotm,wreathcrossbow.com,0,0,-1,0
https://usps.com.uspqq.shop,usps.com.uspqq.shop,0,0,-1,0
upsshipping.io/keGL6Lxb21O9aom,upsshipping.io,0,0,-1,0
l.ead.me/Vg8TrwQG,l.ead.me,0,0,200,0
http://apartnerve.florist/Qd8qKU,apartnerve.florist,0,0,-1,0
http://rgjgj.capital/i16nf0,rgjgj.capital,0,0,-1,0
http://s953782679.onlinehome.us/custapp,s953782679.onlinehome.us,0,0,-1,0
https://upspups.com,upspups.com,0,0,-1,0
http://slzbyy.com/GvR0t2ZV,slzbyy.com,0,0,-1,0
himeji.sutekinet.info/rank.cgi?mode=link&id=201&url=//nxm.us/ivXmv,himeji.sutekinet.info,1138,0,200,1
https://www.weblaunch.hu/free/main38/mail?=749000072,www.weblaunch.hu,315225,7375,200,0
https://ee.uk.billing45.com/?ee=2,ee.uk.billing45.com,0,0,-1,0
https://jenshade.com/onpoint/on/org,jenshade.com,0,0,-1,0
Oprahstoday.com,Oprahstoday.com,0,0,-1,0
bit.ly/navyauth,bit.ly,106530,8532,200,1
uspalterigt.info/wt2e,uspalterigt.info,0,0,-1,0
http://s950928458.onlinehome.us,s950928458.onlinehome.us,0,0,-1,0
bit.ly/FCCHsurvey,bit.ly,106530,8532,200,1
dirqzoc.com/xAW58d60,dirqzoc.com,0,0,-1,0
https://brightvision.edu.pk/ca/verifyedd,brightvision.edu.pk,372379,17839,200,0
https://bit.ly/3wl5Dzg,bit.ly,106530,8532,200,1
http://inflatecoupling.ventures/10EcgOrr,inflatecoupling.ventures,0,0,-1,0
https://ideastransparentes.com.ar/cabz/verifyedd,ideastransparentes.com.ar,0,0,-1,0
aib-onlinesecurity-access.com,aib-onlinesecurity-access.com,0,0,-1,0
qrco.de/bdn5yo,qrco.de,0,0,200,0
https://visitusbnks1.com,visitusbnks1.com,0,0,-1,0
https://bit.ly/3v9zXuH,bit.ly,106530,8532,200,1
http://operateepidemic.com/sotelQ,operateepidemic.com,0,0,-1,0
ct-id2.me/?verify,ct-id2.me,0,0,-1,0
pbizzz.com/J44rCi,pbizzz.com,0,0,-1,0
gpmkg0.online/Ym5Yb,gpmkg0.online,0,0,-1,0
tinyurl.com/y22vnsel,tinyurl.com,13574,0,200,1
gpnmxqy.com/D1GN3RBE,gpnmxqy.com,0,0,-1,0
Us5nn.com/T201tztu1A,Us5nn.com,0,0,-1,0
vbvnejt.com/rNG9GKNN,vbvnejt.com,0,0,-1,0
unusa.id/4mx6,unusa.id,10528,1102,200,0
https://canadaclimateincentive.ca,canadaclimateincentive.ca,0,0,-1,0
http://ytdbby.com/A2RsGxy,ytdbby.com,0,0,-1,0
qinpwhe.com/xA9dXLMD,qinpwhe.com,1038,0,200,1
t.ly/IqtWq,t.ly,0,0,200,0
https://accounts.snapchat.com,accounts.snapchat.com,2693,0,200,1
http://resolveeddcards.com/reopennow,resolveeddcards.com,0,0,-1,0
senatedoublet.com/HU8KRY,senatedoublet.com,0,0,-1,0
http://dtwxzf.com/003u52r,dtwxzf.com,0,0,-1,0
https://kirjaudu.latodesign.fi/free/main15/usa?=541996820,kirjaudu.latodesign.fi,14599,99,200,0
https://irs.gov.safe-ordering.com,irs.gov.safe-ordering.com,0,0,-1,0
https://usps.tirckposts.com,usps.tirckposts.com,0,0,-1,0
slanderchapter.com/LC6JHd,slanderchapter.com,0,0,-1,0
du9k3.com/rvirONcqBD,du9k3.com,0,0,-1,0
https://usvnwcy.top,usvnwcy.top,0,0,-1,0
http://zireesso.shop/cl/5233_md/555/57333/1230/70/53367 ,zireesso.shop,0,0,-1,0
http://107.175.219.12/ipad.php,107.175.219.12.,0,0,-1,0
kmhgsq98am.co/3injuan,kmhgsq98am.co,0,0,-1,0
http://s953190961.onlinehome.us/?_recovrAccount,s953190961.onlinehome.us,0,0,-1,0
kztpr.cc/toDJoir,kztpr.cc,0,0,-1,0
http://s952880411.onlinehome.us,s952880411.onlinehome.us,0,0,-1,0
http://s954845653.onlinehome.us/global-umbrella/?_wof2fjhboo,s954845653.onlinehome.us,0,0,-1,0
https://tki.lol/rd/c8095gMcsB282065YswP1678Ydc4104XBky417,tki.lol,0,0,-1,0
https://uqbaos.cc,uqbaos.cc,0,0,-1,0
http://s953643025.onlinehome.us/preprefix?_recovrAccount,s953643025.onlinehome.us,0,0,-1,0
www.nibtt9-upse.us//vofxbnno224123#,www.nibtt9-upse.us,0,0,-1,0
l.coincircle.com/ajSb,l.coincircle.com,0,0,400,0
http://tinyurl.com/u8bvs55,tinyurl.com,13574,0,200,1
http://voicetabular.boutique/ju67rmG2,voicetabular.boutique,0,0,-1,0
http://jmp.su/vrfy,jmp.su,0,0,-1,0
setmade.online/4jdEbEK,setmade.online,0,0,-1,0
https://usps.com@bit.ly/30FnJ7c ,bit.ly,106530,8532,200,1
http://myverifylink.cf,myverifylink.cf,0,0,-1,0
https://usps.mytrackr-uspcex.shop,usps.mytrackr-uspcex.shop,0,0,-1,0
http://ryjlvn.com/P9nu967,ryjlvn.com,0,0,-1,0
https://usuasco.top,usuasco.top,0,0,-1,0
https://forms.gle/gxXAfiJ2Gc2GvDLs6?JSRAOJLDWYJS,forms.gle,0,0,400,0
https://wwj4w-fedex.us/jWXHwj?47965169,wwj4w-fedex.us,0,0,-1,0
www.citibankvalidation.com,www.citibankvalidation.com,0,0,-1,0
https://msgdeal.co/G2j9w,msgdeal.co,1481,0,200,1
https://usps.track-pkg.com,usps.track-pkg.com,0,0,-1,0
whatsapp://chat/?code=BB18Umbcmbp3v5H6pu9igX,.chat,0,0,-1,0
http://unbouncepages.com/accnt-sginupcontinues12512/,unbouncepages.com,0,0,-1,0
https://uspsair.com,uspsair.com,0,0,-1,0
hlkdved.com/JZeAgzn5,hlkdved.com,0,0,-1,0
https://msgdeal.co/G6CLH,msgdeal.co,1481,0,200,1
sqanzq.com/cb8183,sqanzq.com,0,0,-1,0
http://gkkn.site?USBANK,gkkn.site,0,0,-1,0
http://processingprotection.me/JaZcP,processingprotection.me,0,0,-1,0
n6u.me/RIBSH,n6u.me,0,0,-1,0
http://scienceb.associates/QN70Lb,scienceb.associates,0,0,-1,0
https://institutohaquira.ed,institutohaquira.ed.,0,0,-1,0
v4fzc.info/CKQpOZrVXi,v4fzc.info,0,0,-1,0
http://rfhy.ps.com/6vDF7Xx,rfhy.ps.com,0,0,-1,0
https://sec03boa.com/bRZQK,sec03boa.com,0,0,-1,0
1,1.,0,0,-1,0
https://usp-s.searchtd.top,usp-s.searchtd.top,0,0,-1,0
b2gxv.info/5ssC5f2SEG,b2gxv.info,0,0,-1,0
https://irs.gov.easy-transaction.com,irs.gov.easy-transaction.com,0,0,-1,0
supr.link/hrXyP,supr.link,1784,0,200,1
ng4kaszp8.co/4apued3m,ng4kaszp8.co,0,0,-1,0
sirreeprematurely.com/X9cSSE4SfA,sirreeprematurely.com,0,0,-1,0
affiliation.software/agrieuro/c47604-98571?url=https://Isto.me/n29v1?emfafu,affiliation.software,60211,10692,200,1
like2playnow.com/fi5dbp,like2playnow.com,0,0,-1,0
http://carecondemn.com/BYMRKW,carecondemn.com,0,0,-1,0
https://www.upotps.com/go/Tracking/G01U6,www.upotps.com,1170,0,200,1
kzrp1h.com/bff4948af7 ,kzrp1h.com,0,0,-1,0
https://secur06-chase-verify.my03.com/?Verify,secur06-chase-verify.my03.com,0,0,-1,0
http://moreshrill.shopping/PkRvik,moreshrill.shopping,0,0,-1,0
http://membership-normally.com:911@s956520694.onlinehome.us/atcc,s956520694.onlinehome.us,0,0,-1,0
https://vons.onelink.me/MuHG/s37kcrr2,vons.onelink.me,0,0,200,0
http://s955064170.onlinehome.us/itsy?_glbsas,s955064170.onlinehome.us,0,0,-1,0
https://poiasj5.cf/wellsfargo.com/?restore,poiasj5.cf,0,0,-1,0
https://usppsn.top,usppsn.top,0,0,-1,0
http://RBC-CANADA-Verify-Secure-Online.Com,RBC-CANADA-Verify-Secure-Online.Com,0,0,-1,0
http://swhcdt.com/zErCE7I,swhcdt.com,0,0,-1,0
storage.googleapis.com/jzoxubc/1fhg3lf,storage.googleapis.com,0,0,400,0
https://usps.intertrck.com,usps.intertrck.com,0,0,-1,0
http://cgmfdk.com/E2Ysk70,cgmfdk.com,0,0,-1,0
http://restart-membership.com:911@s956455895.onlinehome.us/atcc/?_pagesxacctx,s956455895.onlinehome.us,0,0,-1,0
http://leaseill.associates/b42TrX,leaseill.associates,0,0,-1,0
http://s953223476.onlinehome.us/,s953223476.onlinehome.us,0,0,-1,0
ubavul.online/vT3LWrR,ubavul.online,0,0,-1,0
k2ecs.info/jqC2Js4She,k2ecs.info,0,0,-1,0
https://usapsz.com,usapsz.com,0,0,-1,0
https://t.co/o5v07fefr1?fmuxtuprck,t.co,3367,295,200,0
https://usqmvj.top,usqmvj.top,0,0,-1,0
ssg.gl/27130d,ssg.gl,0,0,-1,0
f4RSX.COM/8vxyyUpY4d,f4RSX.COM,0,0,-1,0
https://authority-ustesters.top/ ,authority-ustesters.top,0,0,-1,0
gps.ru/98hXb,gps.ru,66203,9009,200,0
W3NGZ.COM/6blDog8jzc,W3NGZ.COM,0,0,-1,0
http://jryxlz.com/8xGFWJD,jryxlz.com,0,0,-1,0
http://www.netflix.com:911@s955054819.onlinehome.us/mo,s955054819.onlinehome.us,0,0,-1,0
unusa.id/2u3l,unusa.id,10528,1102,200,0
https://opnarchitects.wixsite.com/opn-architects,opnarchitects.wixsite.com,0,0,404,0
https://www.2netflix-mybilling.com,www.2netflix-mybilling.com,0,0,-1,0
http://venmoaccount.node:911@env-2404935.node.cloudlets.zone/,env-2404935.node.cloudlets.zone,0,0,502,0
g3svc.info/0iSFCyr6Lb,g3svc.info,0,0,-1,0
https://sotop-usps.top,sotop-usps.top,0,0,-1,0
mustardobvious.com/Ouyhk7,mustardobvious.com,0,0,-1,0
http://boardingma.shopping/fEXyQZ,boardingma.shopping,0,0,-1,0
http://bit.ly/WHO-Jobs-Offer,bit.ly,106530,8532,200,1
liftfor.online/t3W6FsY,liftfor.online,0,0,-1,0
https://unblockbofaeddprepaid.meeha.com.bd/asdfghjkl.html,unblockbofaeddprepaid.meeha.com.bd,0,0,-1,0
http://wbfmqs.com/M2ksvNA,wbfmqs.com,0,0,-1,0
whatsapp://chat/?code=GOCVGBKOzmb0FmmQBgwddb,.chat,0,0,-1,0
https://expected-uspg.com,expected-uspg.com,0,0,-1,0
holdadorn.com/OK2ROKY,holdadorn.com,0,0,-1,0
https://qvay.app.link/e/VVhoag801tb,qvay.app.link,0,0,200,0
https://pmx565wc7sg5.swipepages.net/KrFSt25,pmx565wc7sg5.swipepages.net,0,0,404,0
https://uspuss.xyz,uspuss.xyz,0,0,-1,0
bq034a.989e.co,bq034a.989e.co,0,0,-1,0
frische-lieferung-de.com,frische-lieferung-de.com,0,0,-1,0
 https://iaqwqqit.com/6ycyEm,https.,0,0,-1,0
approved.rent2owncheaps.com,approved.rent2owncheaps.com,3086,0,200,1
https://uspsverify.org,uspsverify.org,1178,0,200,1
laughramble.com/67YLUw,laughramble.com,1182,0,200,1
https://ishurl.info,ishurl.info,0,0,-1,0
https://colegioina.edu.pe/nfcu/,colegioina.edu.pe,6405,0,200,1
http://e-d-d-safety022.duckdns.org/a,e-d-d-safety022.duckdns.org,0,0,-1,0
https://cltl-00.herokuapp.com/login,cltl-00.herokuapp.com,0,0,404,0
b806l.me/duNccdX,b806l.me,0,0,-1,0
https://bit.ly/acpin,bit.ly,106530,8532,200,1
https://iepsantodomingosavio.edu.pe/metama,iepsantodomingosavio.edu.pe,148041,4971,200,0
https://t.sidekickopen08.com/Ctc/ZW+23284/d2L62N04/Jks2-6q7W69sMD-61Z3n9Vdtpvg7LJvhMW5jSbD87kc71kW103fBL4gPLTCW3K91zv2ytvNsW1fx5Cd3Zqjk7W6FfBYc8IRJblW8XpKWs2sSQBW5nWF306GCrzmW5t4C4v5fQwXqW2K9qlp66PXLN24kyHb5t 9MYW5nqwB51mh8SQW3Xb6jk7tX9bnW7kQV7k5-K0XtN4ZF-VJmKRFSN5wlqLPkwpBVW4F59Gr2CbBpMW62YzRH7mqGj8W3nchGr3Xq-YZVzV_dk43ys-Gf1pMH7604,t.sidekickopen08.com,102704,3226,200,0
m.address.dfxwpnxh33ko.site,m.address.dfxwpnxh33ko.site,0,0,-1,0
http://zytdgx.com/G21s2n0,zytdgx.com,0,0,-1,0
https://gofund.me/8a078279,gofund.me,864324,2784,200,0
bit.ly/yourprize001,bit.ly,106530,8532,200,1
https://chase01bsec.com/?dpck,chase01bsec.com,0,0,-1,0
https://rb.gy/1esm1,rb.gy,372242,12265,200,1
https://axtras.cc,axtras.cc,0,0,-1,0
dawlmterreabrbie.com/phone.html,dawlmterreabrbie.com,0,0,-1,0
https://usp-snavn.top,usp-snavn.top,0,0,-1,0
http://limitsucceed.directory/KI5AudhL,limitsucceed.directory,0,0,-1,0
twistedcapsule.com/dRBILnD,twistedcapsule.com,0,0,-1,0
https://wellsvalidate-0502.ddns.net/?online,wellsvalidate-0502.ddns.net,0,0,-1,0
https://usp-sbuxt.top,usp-sbuxt.top,0,0,-1,0
https://usps-address-amend.com,usps-address-amend.com,0,0,-1,0
https://chat.whatsapp.com/DzeAqjxgNbi6S4cuCFchXN,chat.whatsapp.com,181679,3040,200,0
bit.ly/312QwOn,bit.ly,106530,8532,200,1
bargainreed.info/Deut,bargainreed.info,0,0,-1,0
http://mzjxyk.com/N2lsw3m,mzjxyk.com,0,0,-1,0
AGO8D.COM/hViaOS66VB,AGO8D.COM,0,0,-1,0
d3f7a.info/6CVRmQm71,d3f7a.info,0,0,-1,0
mastermulticentro.com/ss,mastermulticentro.com,0,0,-1,0
propertyacademy.net/na.html#23,propertyacademy.net,189319,4111,200,0
Oprahsgiveaway.com,Oprahsgiveaway.com,0,0,-1,0
https://gotoupdtmembershp.dotcompal.co/gotoupdtmembershp,gotoupdtmembershp.dotcompal.co,6392,199,200,0
https://deutschepost-pack.net,deutschepost-pack.net,0,0,-1,0
https://accscrues.ffm.to/wzd7jar,accscrues.ffm.to,0,0,404,0
u5fxc.info/ZEJTTZmY3Z,u5fxc.info,0,0,-1,0
http://www.uuusps.com/X13B6W,www.uuusps.com,0,0,-1,0
https://chat.whatsapp.com/FH4euuc6Usj3Jryg1zGOQs,chat.whatsapp.com,181680,3040,200,0
centurysever.com/2MbuXy,centurysever.com,0,0,-1,0
http://3260518168///i13.php,3260518168.,0,0,-1,0
r9ljg.info/spCdY46rle,r9ljg.info,0,0,-1,0
http://zglptv.com/no2hrZB,zglptv.com,0,0,-1,0
meF92.COM/xMvLZnnJvP,meF92.COM,0,0,-1,0
https://rwdz.us/jQ7V5u2w,rwdz.us,0,0,-1,0
https://usphm.top,usphm.top,0,0,-1,0
https://viait.net/index.htm,viait.net,0,0,-1,0
giddybreasts.com/DSRRmEAccl,giddybreasts.com,0,0,-1,0
http://ups.comw-ykgedh.world//1qsyl3rv21,ups.comw-ykgedh.world,0,0,-1,0
bit.ly/3hmasAg,bit.ly,106530,8532,200,1
https://usps.uspskkc.com,usps.uspskkc.com,0,0,-1,0
https://223ncitihelp.com,223ncitihelp.com,0,0,-1,0
https://notification-accountid.lnk.to/resolveaccount?secure-acoount&?=https://amazon.com,notification-accountid.lnk.to,153245,8476,200,0
exposurepavemen.com/080p6L,exposurepavemen.com,0,0,-1,0
upsshipping.io/keGL6LxbyYpQN8z,upsshipping.io,0,0,-1,0
lightlypainter.com/wlp4ZK,lightlypainter.com,0,0,-1,0
https://wua.soundestlink.com/link/62ec0819e7239400160765f9/62ec07fec03d7d001dc835c5/62ec07eb316b48001c631e48?signature=9914fff38c28a734939ec6ad3c3f038680fa15f715f60 9593c985923dadb61fe,wua.soundestlink.com,4426,533,200,0
http://tonestrength.financial/7Mu7T15C,tonestrength.financial,0,0,-1,0
http://klkln.cc/vnbcbtd,klkln.cc,0,0,-1,0
https://wa.me/77788385297,wa.me,175580,3011,200,0
www.pyr-upsi.website//isr1i2pF19389,www.pyr-upsi.website,0,0,-1,0
https://oldrow.vias.ms/jo8sP,oldrow.vias.ms,0,0,-1,0
https://bit.ly/3RQ1z1n,bit.ly,106530,8532,200,1
https://form.jotform.com/222355830979062,form.jotform.com,416290,5269,200,0
www.xuwk4v-upsa.us//6qj9ihch18920#,www.xuwk4v-upsa.us,0,0,-1,0
whatsapp://chat/?code=Du6Jp7K4UmH8f7pi1rGeys,.chat,0,0,-1,0
https://bit.ly/3xmZNuq,bit.ly,106530,8532,200,1
http://www.uskps.com/go/Tracking/G2T22,www.uskps.com,0,0,-1,0
odxhh.cc/a3ikL66,odxhh.cc,0,0,-1,0
http://dcydpl.com/grguJq2,dcydpl.com,0,0,-1,0
https://app.mailingboss.com/index.php/campaigns /63857c6fb397b/track-url/637fa8badd3d6/3143bbe318bdc11cead986a59dae0d6178a579c8,app.mailingboss.com,0,0,404,0
http://hnter.ml,hnter.ml,0,0,-1,0
packagetrace.biz/d54pv,packagetrace.biz,0,0,-1,0
http://answerurge.network/J4rzuzfR,answerurge.network,0,0,-1,0
https://bacindustries.net/alco/Alturacu,bacindustries.net,0,0,-1,0
imperialautumn.com/QNmNNbJ,imperialautumn.com,0,0,-1,0
https://onlinefrontwavedata.web.app,onlinefrontwavedata.web.app,0,0,-1,0
http://fotag.xpddg.com,fotag.xpddg.com,0,0,-1,0
whatseenow3.info/ltZSCGnozp,whatseenow3.info,114,0,200,1
https://vxa-upsp.com,vxa-upsp.com,0,0,-1,0
netflixhelpsupport.lpages.co/support,netflixhelpsupport.lpages.co,0,0,404,0
http://s957290943.onlinehome.us/ foldkws/?_rswasscs,s957290943.onlinehome.us,0,0,-1,0
https://usps.com@bit.ly/3Yy29Ws ,bit.ly,106530,8532,200,1
https://nfcu01login6h.finixp.org,nfcu01login6h.finixp.org,0,0,-1,0
m.eitdi.uspsdi.site,m.eitdi.uspsdi.site,0,0,-1,0
groupm.è.to/wfELH?id=2f57943,groupm.è.to,0,0,-1,0
http://kbzjgb.com/N2lswyl,kbzjgb.com,0,0,-1,0
broadoblong.com/PXPRjLI,broadoblong.com,0,0,-1,0
https://wa.me/959799484233,wa.me,175535,3011,200,0
egxi6aqx8r.co/zz5welj,egxi6aqx8r.co,0,0,-1,0
http://fierceseventh.boutique/XEQWCSCm,fierceseventh.boutique,0,0,-1,0
http://tmgcrg.com/5rBu34D,tmgcrg.com,0,0,-1,0
oprahstoday.com/,oprahstoday.com,0,0,-1,0
whatsapp://chat/?code=15Ro5nXJ3Eml36gE3JZk7Taf,.chat,0,0,-1,0
https://forms.gle/GNAKEJJhwCiKSqcP9,forms.gle,0,0,400,0
Https://www.UnionBank.Org_@bit.ly/3T1lhlE,bit.ly,106530,8532,200,1
https://forms.office.com/r/Oc71GAVPIJ,forms.office.com,43725,8,200,0
https://wa.me/1607599596,wa.me,175576,3011,200,0
http://conquerpassing.com/L7NHjn,conquerpassing.com,0,0,-1,0
https://storage.googleapis.com/nvulmar/bbbd4mo,storage.googleapis.com,0,0,400,0
https://go.cb-w.com/gz3J1Hsfjpb,go.cb-w.com,0,0,200,0
https://uspsxt.com,uspsxt.com,0,0,-1,0
www.92wbj4jzupst.com//49epb8Rw17003#,www.92wbj4jzupst.com,0,0,-1,0
http://www.bizzapp.co.uk/free/apps51/service?=61513,www.bizzapp.co.uk,0,0,-1,0
http://s953340691.onlinehome.us/sport/?InfoAccnt-9xzlmd7nv7,s953340691.onlinehome.us,0,0,-1,0
mi08w.com/2kbKsPoeVQ,mi08w.com,0,0,-1,0
https://safe-eddprocess3527.duckdns.org/,safe-eddprocess3527.duckdns.org,0,0,-1,0
https://usp-swexy.top,usp-swexy.top,0,0,-1,0
buyelect.co,buyelect.co,0,0,-1,0
https://track-tols-usopst.top,track-tols-usopst.top,0,0,-1,0
geologypassive.com/PYNMIIL,geologypassive.com,0,0,-1,0
v41qle.jz4721.net,v41qle.jz4721.net,0,0,-1,0
http://catchingbudding.directory/8BWT1REM,catchingbudding.directory,0,0,-1,0
secbofa.page.link/NLt,secbofa.page.link,0,0,400,0
https://pagesntflix.ffm.to/pb6d2yo,pagesntflix.ffm.to,0,0,404,0
mtnl.eu///5EyN6,mtnl.eu,459,0,200,1
bedy13.com/V3n4Ovhcqw,bedy13.com,0,0,-1,0
https://chat.whatsapp.com/LJDHNf8VNXpFOYjK6QQOaB,chat.whatsapp.com,181681,3040,200,0
vpmEvening49tw.4k1pkmal.in/#?.fkz2,vpmEvening49tw.4k1pkmal.in,0,0,-1,0
wlness21.com/3qOV,wlness21.com,0,0,-1,0
https://cp2we.app.link/iur,cp2we.app.link,0,0,-1,0
06ya2.za.com,06ya2.za.com,0,0,-1,0
shrtco.de/nllx01,shrtco.de,572,0,200,1
https://usps.trckmypost.com,usps.trckmypost.com,0,0,-1,0
uwntow.com/65VPat,uwntow.com,0,0,-1,0
bdhicy.com/okrWt,bdhicy.com,0,0,-1,0
oprahyes.com,oprahyes.com,0,0,-1,0
e5sml.info/48GZ3swdBn,e5sml.info,0,0,-1,0
theusaloanhunters.ai,theusaloanhunters.ai,0,0,-1,0
citi-actvity.org,citi-actvity.org,0,0,-1,0
https://is.gd/ERR1293,is.gd,0,0,200,0
https://is.gd/Ybkgm2,is.gd,0,0,200,0
SG201.com/OwWSP7qcg6,SG201.com,0,0,-1,0
acct.encryptbegin.com/d8bcm,acct.encryptbegin.com,0,0,-1,0
storage.googleapis.com/getaca/getaca.html?fbluxyR7Z4,storage.googleapis.com,0,0,400,0
bit.ly/87VBJ987,bit.ly,106530,8532,200,1
https://bit.ly/3dRoiZe,bit.ly,106530,8532,200,1
zjlesnt.com/ajWje8BZ,zjlesnt.com,0,0,-1,0
ebgicer.com/mDWj392A,ebgicer.com,0,0,-1,0
https://uspgfs.top,uspgfs.top,0,0,-1,0
https://uspsusa-us.com,uspsusa-us.com,0,0,-1,0
soliditycheek.com/QCq620,soliditycheek.com,0,0,-1,0
http://marginaljo.shopping/v3E6qB,marginaljo.shopping,0,0,-1,0
http://mobile.vzw.com/paybill,mobile.vzw.com,203094,9020,200,0
kh5niapbp4.co/fs4h,kh5niapbp4.co,0,0,-1,0
https://cya.nz/4UJQ,cya.nz,3999,211,200,0
http://www.americanexpress-message.com,www.americanexpress-message.com,0,0,-1,0
https://upp.edu.pe/nfcu,upp.edu.pe,0,0,-1,0
GetaPrizeBrand.com,GetaPrizeBrand.com,480,0,200,1
fartherpgmonarch.com/PbjiVby,fartherpgmonarch.com,0,0,-1,0
a2ern.info/NbnOOCaXOm,a2ern.info,0,0,-1,0
http://VERIFYWELLSFARGO.GA,VERIFYWELLSFARGO.GA,0,0,-1,0
https://usrpxs.top,usrpxs.top,0,0,-1,0
Rebook.Collection-35.com,Rebook.Collection-35.com,0,0,-1,0
http://www.webpage.ren/b/lc/?bfX.08&08z-mkq,www.webpage.ren,0,0,-1,0
https://cutt.ly/gwWmzsU1,cutt.ly,102021,14785,200,0
https://cargowatch-address.com,cargowatch-address.com,0,0,-1,0
http://usedps.com/go/Tracking/Q11U3,usedps.com,0,0,200,0
http://ow.ly/nZPx50H18Mk ,ow.ly,300380,8620,200,0
https://colegioina.edu.pe/schwab/,colegioina.edu.pe,6405,0,200,1
dtsaiel.com/OMDOK9EA,dtsaiel.com,0,0,-1,0
https://tinyurl.com/q2Zn514,tinyurl.com,13574,0,200,1
http://lossfighting.com/5D2wSz,lossfighting.com,16113,86,200,0
http://fireelse.community/nm6pkc,fireelse.community,0,0,-1,0
https://us.ps.track-pack-add.com,us.ps.track-pack-add.com,0,0,-1,0
holdingspothere.com/8930er,holdingspothere.com,0,0,-1,0
http://considerstill.ventures/gPRjYtsl,considerstill.ventures,0,0,-1,0
bofapin.me/card,bofapin.me,0,0,-1,0
http://gfxmth.com/6vDFZpW,gfxmth.com,0,0,-1,0
http://hireprevio.shopping/ybFO3G,hireprevio.shopping,0,0,-1,0
eb4.us/a4f64a26,eb4.us,0,0,-1,0
https://is.gd/ZjGmy4,is.gd,0,0,200,0
http://unbouncepages.com/9cab67538ed2d7d7dc4606a61d2d4ba1/,unbouncepages.com,0,0,-1,0
http://www.zaravsps.com/go/Tracking/L2A7,www.zaravsps.com,0,0,-1,0
unselfishdumplings.com/LKXH4N4WZ3,unselfishdumplings.com,0,0,-1,0
http://22-sc.com/ouBfl,22-sc.com,0,0,-1,0
slappingtasting.com/Hamw6PokCc,slappingtasting.com,0,0,-1,0
swellingcipher.com/wnX1r9,swellingcipher.com,0,0,-1,0
http://ypzvtd.com/OmwsYW8,ypzvtd.com,0,0,-1,0
pnc.srcrwanda.com,pnc.srcrwanda.com,0,0,-1,0
giddydestroy.com/iypgNm,giddydestroy.com,0,0,-1,0
http://eddbofaprocess.info,eddbofaprocess.info,0,0,-1,0
sl.ut.ac.id/1spp,sl.ut.ac.id,6070,223,200,0
offer.1nuniyaz25qx.co,offer.1nuniyaz25qx.co,0,0,-1,0
http://washimmature.network/n4wDDEwH,washimmature.network,0,0,-1,0
http://indianelder.business/hBF734,indianelder.business,0,0,-1,0
https://chat.whatsapp.com/KKS50F3Yp1U6lGbt9KnKK5,chat.whatsapp.com,181679,3040,200,0
cpqsz.cc/DwFK192,cpqsz.cc,0,0,-1,0
http://cyntrothm.shop/ipadP.php ,cyntrothm.shop,0,0,-1,0
catererhunger.com/Okk7d5ha2y,catererhunger.com,479,0,200,1
https://matop.xyz/nxa1TK,matop.xyz,0,0,-1,0
thomasanquetin.com/wVAFt7,thomasanquetin.com,0,0,-1,0
veilknitting.com/y8mXEyk,veilknitting.com,0,0,-1,0
www.citibankaccount.info,www.citibankaccount.info,0,0,-1,0
http://s948917531.onlinehome.us/,s948917531.onlinehome.us,0,0,-1,0
kxy.ps34.xyz/DfVPnmbxXR,kxy.ps34.xyz,0,0,-1,0
http://s954844695.onlinehome.us/act?_recovrAccount,s954844695.onlinehome.us,0,0,-1,0
burngeezers.com/X1ryc1i9J9,burngeezers.com,0,0,-1,0
https://chat.whatsapp.com/HGEBAfdiEjk6U06prxlKsg,chat.whatsapp.com,181679,3040,200,0
https://chat.whatsapp.com/F6Wo68CcSRq88C9LSdsGcN,chat.whatsapp.com,181679,3040,200,0
naturalcbdgummy.xyz/RKbHGkiTU9,naturalcbdgummy.xyz,0,0,-1,0
https://a-use192.vev.site/redirecting/?=8651140,a-use192.vev.site,0,0,404,0
idwaxp51og.co/a09c,idwaxp51og.co,0,0,-1,0
fPBJf.Com/tJymz54anP,fPBJf.Com,0,0,-1,0
wel01.us/r/rest05,wel01.us,0,0,-1,0
http://stupiduneasy.financial/RBMwGXCm,stupiduneasy.financial,0,0,-1,0
http://y.jgdfr.com/ZoAhX9Z,y.jgdfr.com,0,0,-1,0
idlenessflame.com/rJRcsY,idlenessflame.com,0,0,-1,0
tinyurl.com/Kelseygame52,tinyurl.com,13574,0,200,1
https://chat.whatsapp.com/Be4hH6pGllpLbqcdaORJyV,chat.whatsapp.com,181679,3040,200,0
https://kstu.hair/rbZ4A68x,kstu.hair,0,0,-1,0
slkt.io/UY1T,slkt.io,53793,7745,200,0
http://balancediameter.com/H10QLy,balancediameter.com,0,0,-1,0
https://manage-acrwg.drr.ac/?confirm,manage-acrwg.drr.ac,0,0,404,0
http://s950712130.onlinehome.us,s950712130.onlinehome.us,0,0,-1,0
ggsimplicity.com/tournaments,ggsimplicity.com,456052,8178,200,0
http://crglhy.com/3pzFoOA,crglhy.com,0,0,-1,0
http://securitywe.yokohama/s4Wm9i,securitywe.yokohama,0,0,-1,0
http://www.billing-customer.kfx65hci-app.zwbq.shop,www.billing-customer.kfx65hci-app.zwbq.shop,0,0,-1,0
https://gov-tax.refundpr.com/,gov-tax.refundpr.com,0,0,-1,0
http://surveysens.yokohama/9vePTP,surveysens.yokohama,0,0,-1,0
https://hper.in/OzowSarsPay,hper.in,60644,7566,200,0
fritzclosets.com/PV06ExwSdV,fritzclosets.com,0,0,-1,0
https://www.surveymonkey.com/r/F8VLMMV?UID=BM6SZE,www.surveymonkey.com,1065911,9675,200,0
http://arousalplus4inches.com,arousalplus4inches.com,0,0,-1,0
 r.napcopromo.com/s.ashx?ms=NPCPR:816259345662&e=dear-user@t-mobile.com&eld=73161769&c=tmqg&url=han.glLyVgGC#uiht,r.napcopromo.com,4835,262,200,0
https://wa.me/8801751068418,wa.me,175535,3011,200,0
http://brdcry.com/D2Xswv0,brdcry.com,0,0,-1,0
t.me/JRE7708,t.me,19491,1851,200,0
WOTw1W3X.safelinkamz.us/?UserID-IAIUF,WOTw1W3X.safelinkamz.us,0,0,-1,0
https://usp-screw.top,usp-screw.top,0,0,-1,0
uspdelmvsub.info/Resd,uspdelmvsub.info,0,0,-1,0
5dexqo.com/82a103,5dexqo.com,0,0,-1,0
citizens-security01.com,citizens-security01.com,0,0,-1,0
http://intriguehardy.directory/TTjI4KRA,intriguehardy.directory,0,0,-1,0
lnkd.in/g7jb5b_7,lnkd.in,139458,5254,200,0
https://web21cen.in/boal/,web21cen.in,0,0,-1,0
http://tenorlegal.directory/VHGtoA8j,tenorlegal.directory,0,0,-1,0
http://s954071710.onlinehome.us/fixacs?logs,s954071710.onlinehome.us,0,0,-1,0
GM55z.COM/xXR8gWwLCk,GM55z.COM,0,0,-1,0
https://address-deliver-usps.com,address-deliver-usps.com,0,0,-1,0
1X3.me/3WJ0mm,1X3.me,47627,1204,200,1
https://t.ly/Ot6za,t.ly,0,0,200,0
remedyfr.com/index.php?key=d2jqpwg6d7a2uz7cs98z&h=rjwBM9SGg,remedyfr.com,0,0,-1,0
http://caeddreviewdept.net,caeddreviewdept.net,0,0,-1,0
http://fkggnl.com/gGRI4Zw,fkggnl.com,0,0,-1,0
purposeliberals.com/yF70SNqOKV,purposeliberals.com,0,0,-1,0
https://bit.ly/2ZqypQP,bit.ly,106530,8532,200,1
https://uspsikqc.top,uspsikqc.top,0,0,-1,0
yZCD3.INFO/Goxmx1m3VG,yZCD3.INFO,0,0,-1,0
https://lindsy352.preview.softr.app/?t=1659623895934,lindsy352.preview.softr.app,0,0,404,0
aaprmm6pc2.co/5zoily,aaprmm6pc2.co,0,0,-1,0
https://rebrand.ly/x9ui63o,rebrand.ly,207387,2180,200,1
https://www.uspostalcenter.bond,www.uspostalcenter.bond,0,0,-1,0
consensuscelebrated.com/5hTSjydwTh,consensuscelebrated.com,0,0,-1,0
https://qr.io/r/GJ1jvX?amazon-billing-update&?=https://amazon.com,qr.io,227023,22014,200,0
https://usps.serveas-us.shop,usps.serveas-us.shop,0,0,-1,0
https://user-bo2faedd.com/edd,user-bo2faedd.com,0,0,-1,0
f94.us/VrVwq,f94.us,0,0,-1,0
https://uspseth.top,uspseth.top,0,0,-1,0
consensuscelebrated.com/5hTSjyzHWc,consensuscelebrated.com,0,0,-1,0
usps.uspsjz.com,usps.uspsjz.com,0,0,-1,0
9qr.de/itCwLh,9qr.de,0,0,-1,0
http://mphrbt.com/J24sIRz,mphrbt.com,0,0,-1,0
sdgfhd.com/egMo5mz,sdgfhd.com,0,0,-1,0
Xeo6.me/8ek26N,Xeo6.me,0,0,-1,0
aUDk4.COm/Mrz178duBF,aUDk4.COm,0,0,-1,0
clowningbacking.com/ZOKNSJFtJT,clowningbacking.com,0,0,-1,0
https://s.id/1fXBI,s.id,111345,4346,200,0
https://usps.uspsrf.com/,usps.uspsrf.com,0,0,-1,0
https://mmbrshipupdtflix.myclickfunnels.com/?renews,mmbrshipupdtflix.myclickfunnels.com,0,0,200,0
http://wausps.com/go/Tracking/X2F13,wausps.com,0,0,-1,0
juytrplmwsaqz.us,juytrplmwsaqz.us,0,0,-1,0
http://citibsec.com,citibsec.com,0,0,-1,0
whatsapp://chat/?code=FefWD5h8rsd5u4qlcZlelk,.chat,0,0,-1,0
https://youtu.be/nZ3xuJwm824,youtu.be,574003,164,200,0
oprahstoday.com,oprahstoday.com,0,0,-1,0
bitly.com/helpEDD,bitly.com,106530,8532,200,1
https://zgz.nu/df9aoZbT,zgz.nu,0,0,404,0
https://usp-sptcn.top,usp-sptcn.top,0,0,-1,0
https://tiny.one/myfedex871,tiny.one,13574,0,200,1
https://usps.comhelphn.com,usps.comhelphn.com,0,0,-1,0
uspkgos.homes/D4d5t6,uspkgos.homes,0,0,-1,0
http://chat.whatsapp.com/HLdIKFgZf72BZh3CM5Q5sO,chat.whatsapp.com,181830,3040,200,0
xyzthriftyquotes.com/60ef6eec47,xyzthriftyquotes.com,0,0,-1,0
www.OprahDeals.sbs,www.OprahDeals.sbs,0,0,-1,0
https://bit.ly/3DUDsJi,bit.ly,106530,8532,200,1
https://uspostto.top,uspostto.top,0,0,-1,0
bit.ly/3C41PWG,bit.ly,106530,8532,200,1
https://profib04.com,profib04.com,0,0,-1,0
http://relateversion.com/1DvMxP,relateversion.com,0,0,-1,0
http://intentweav.shopping/nrFIB6,intentweav.shopping,0,0,-1,0
cbdnews2.best/bhUisK72aa,cbdnews2.best,0,0,-1,0
https://forms.gle/tmfZY2iQzA9T6x557,forms.gle,0,0,400,0
http://updatebillingpage.us:911@s956956807.onlinehome.us/swg,s956956807.onlinehome.us,0,0,-1,0
https://usa-exchange-us.com,usa-exchange-us.com,0,0,-1,0
ee2r.info,ee2r.info,0,0,-1,0
https://t.ly/iQ3HE,t.ly,0,0,200,0
https://td.my-authentics-easyweb.com/t?d,td.my-authentics-easyweb.com,0,0,-1,0
https://cb1online.com/,cb1online.com,0,0,-1,0
approvedsite.info/VH7nwolBrOeH,approvedsite.info,0,0,-1,0
https://bit.ly/387Mzes,bit.ly,106530,8532,200,1
uEZF2.Com/GDI2hthgG1,uEZF2.Com,0,0,-1,0
loweringpriest.com/9jEIG8y,loweringpriest.com,0,0,-1,0
AugustSurveys.com,AugustSurveys.com,0,0,-1,0
https://bit.ly/3NhkqSn,bit.ly,106530,8532,200,1
https://uspostal.after-salescenter.xyz,uspostal.after-salescenter.xyz,0,0,-1,0
uspstrack-ot.info,uspstrack-ot.info,0,0,-1,0
a56cyklri.co/1hyv3,a56cyklri.co,0,0,-1,0
https://chat.whatsapp.com/DtlvGProbBcHz85dCOol44,chat.whatsapp.com,181679,3040,200,0
hfmu.axisxnor.com,hfmu.axisxnor.com,0,0,-1,0
https://bit.ly/3NR5x9f,bit.ly,106530,8532,200,1
mim342.com/e1630/75b822a,mim342.com,0,0,-1,0
https://iaqwqtii.com,iaqwqtii.com,29061,2475,200,0
ak90.xyz/VHtCnf804F,ak90.xyz,0,0,-1,0
https://polandspringswaterO.wixsite.com/advert,polandspringswaterO.wixsite.com,0,0,404,0
https://irs.gov.tax-helping.com,irs.gov.tax-helping.com,0,0,-1,0
NU711.iNfo/ph9mqgxzrR,NU711.iNfo,0,0,-1,0
http://esteemcomm.shopping/vtsk9N,esteemcomm.shopping,0,0,-1,0
http://csrlvl.com/X0yujpo,csrlvl.com,0,0,-1,0
jkigr.cc/IB5sXLZ,jkigr.cc,0,0,-1,0
eb4.app/dfd5982b,eb4.app,0,0,-1,0
http://3260518391/co.php,3260518391.,0,0,-1,0
scnv.io/vbVM,scnv.io,14704,817,200,0
http://vqljmq.com/ImZsm7g,vqljmq.com,0,0,-1,0
sec1urd3-deprtmnt12.com/index.php?sy1t90 ,sec1urd3-deprtmnt12.com,0,0,-1,0
https://uuhups.com,uuhups.com,0,0,-1,0
https://irs.gov.safe-paying.com,irs.gov.safe-paying.com,0,0,-1,0
http://reversalshare.boutique/yvCIPvH2,reversalshare.boutique,0,0,-1,0
ex22r.com/wertABergA,ex22r.com,0,0,-1,0
https://wa.me/13213360655,wa.me,180852,3011,200,0
https://uewups.com,uewups.com,0,0,-1,0
risu.io/B10Sz,risu.io,0,0,200,0
https://institutohaquira.edu.pe/schwab/,institutohaquira.edu.pe,7640,102,200,0
bit.ly/profileGB12RD,bit.ly,106530,8532,200,1
xsschju.com/W70A9956,xsschju.com,1038,0,200,1
ledger.com.device.id,ledger.com.device.id,0,0,-1,0
http://qr.co6.info/ui69,qr.co6.info,0,0,-1,0
3woe.xyz/bApNnm3lur,3woe.xyz,0,0,-1,0
WellsfargoVerify.com/act,WellsfargoVerify.com,0,0,-1,0
https://uspswv.us,uspswv.us,0,0,-1,0
https://rb.gy/iydke,rb.gy,372242,12265,200,1
Idmsm.cc/qcFrWF6,Idmsm.cc,0,0,-1,0
http://yrvdnd.com/OmwsQQJ,yrvdnd.com,0,0,-1,0
settclss.com/Ccn26dr,settclss.com,0,0,-1,0
819dOl.bolejug.us/?ID-7SFBF4,819dOl.bolejug.us,0,0,-1,0
http://crablength.boutique/kluW32p8,crablength.boutique,0,0,-1,0
https://tinyurl.com/y4AJDlh,tinyurl.com,13574,0,200,1
http://webbciti.com,webbciti.com,0,0,-1,0
http://xn--80aaahorunoimsf3p.xn-p1ai/authcus/,xn--80aaahorunoimsf3p.xn-p1ai.,0,0,-1,0
nearhonor.com/dZDij0,nearhonor.com,0,0,-1,0
use.app.link/wf,use.app.link,0,0,404,0
https://l.ead.me/Amazon-Account-Verify-ID9517453,l.ead.me,0,0,200,0
https://docs.google.com/forms/d/e/1FAlpQLSeUlz-jIFAYDmtl2s9pEJSgVUHX_S33qw9twmXUqoO7_OCLkw/viewform?usp=sf_link?WuRW,docs.google.com,840468,175,200,0
https://chat.whatsapp.com/Djci PB8b7gTGGt16QJ5mJm,chat.whatsapp.com,181682,3040,200,0
poelacnewu33sdf.us,poelacnewu33sdf.us,0,0,-1,0
comfortstale.com/elPdWW,comfortstale.com,0,0,-1,0
https://wa.me/+639162024192,wa.me,180814,3011,200,0
http://unbouncepages.com/multor-1431245305/,unbouncepages.com,0,0,-1,0
http://yjpgbx.com/mn1lkyE,yjpgbx.com,0,0,-1,0
https://gotommbr.myclickfunnels.com/,gotommbr.myclickfunnels.com,0,0,200,0
https://uspbz.top,uspbz.top,0,0,-1,0
https://s.id/1tuDl,s.id,111345,4346,200,0
9qr.de/bvb2Bm,9qr.de,0,0,-1,0
http://ntswkf.com/Q2osg6L,ntswkf.com,0,0,-1,0
http://netflix-membership.com,netflix-membership.com,0,0,-1,0
https://llo.to/t/P9H03,llo.to,35863,3699,200,0
http://5ot.short.gy/yQLk4sUm2dKc,5ot.short.gy,0,0,404,0
www.nlrhc5m-upsi.us//na76f5Cg48967#,www.nlrhc5m-upsi.us,0,0,-1,0
uspspostal-eb.info,uspspostal-eb.info,0,0,-1,0
http://scoldrunner.services/up18iuL8,scoldrunner.services,0,0,-1,0
https://track-uspos-tols.com,track-uspos-tols.com,0,0,-1,0
http://profaneblo.yokohama/DhA4u1,profaneblo.yokohama,0,0,-1,0
shorte.be//f?$=62344?2619646 ,shorte.be,18331,2892,200,0
https://irs.gov.direct-capitals.com,irs.gov.direct-capitals.com,0,0,-1,0
postalportal.site,postalportal.site,0,0,-1,0
http://addressknowing.digital/UOCLWkls,addressknowing.digital,0,0,-1,0
http://rory-royalmail.shop,rory-royalmail.shop,0,0,-1,0
http://s956826982.onlinehome.us/wbsspc/?_undrscan,s956826982.onlinehome.us,0,0,-1,0
https://gosq.me/u/kNS5i2GG,gosq.me,0,0,405,0
C1t8S.com/YSjV01xa09,C1t8S.com,0,0,-1,0
nhavgrz.com/rNBNOmoo,nhavgrz.com,0,0,-1,0
http://s952788954.onlinehome.us/?snpl_2_1_db77b4d1,s952788954.onlinehome.us,0,0,-1,0
http://flexibleupward.com/5KP7du,flexibleupward.com,0,0,-1,0
1rs.megabotikas.com/1rs,1rs.megabotikas.com,0,0,-1,0
https://twtr.to/YOLA,twtr.to,0,0,200,0
https://bit.ly/42GN8U0,bit.ly,106530,8532,200,1
https://usdt777.vip,usdt777.vip,0,0,-1,0
http://statebenefitalertsedd.com/help,statebenefitalertsedd.com,0,0,-1,0
https://restartmmberswebsite.uscreen.io/,restartmmberswebsite.uscreen.io,0,0,-1,0
https://my-fed-ex.com/,my-fed-ex.com,0,0,-1,0
Https://www.UnionBank.Org_@nx.tn/EjmCx,nx.tn,53997,4826,200,0
http://abusenat.associates/mKd6NG,abusenat.associates,0,0,-1,0
forshot.online/CxJvD6M,forshot.online,0,0,-1,0
apt8413-wellsfargo.3utilities.com/bcouu,apt8413-wellsfargo.3utilities.com,0,0,-1,0
https://tinyurl.com/1tr77g0,tinyurl.com,13574,0,200,1
https://b.link/h21bc,b.link,22475,120,200,0
https://ertups.com,ertups.com,0,0,-1,0
e3fmr.info/onAyXsVfomA,e3fmr.info,0,0,-1,0
Inkd.in/gHghxQ3U,Inkd.in,0,0,-1,0
https://irs-gov.id23764.tax/tax-refund#irs68796,irs-gov.id23764.tax,0,0,-1,0
grco.de/beTOGX?case-30623v,grco.de,0,0,-1,0
suitaccess.com/EWRB6DF,suitaccess.com,0,0,-1,0
http://summe.shopping/Hhj0J3,summe.shopping,0,0,-1,0
https://app.givingli.com/open/app,app.givingli.com,85640,1347,200,0
http://cvvwbt.com/P9nu9lx,cvvwbt.com,0,0,-1,0
https://visa-reactivate.info/index2.html,visa-reactivate.info,0,0,-1,0
http://sidedeity.finance/lgUzySA5,sidedeity.finance,0,0,-1,0
http://109.236.50.8/CST.php,109.236.50.8.,0,0,-1,0
https://e.vg/GJZPS,e.vg,0,0,200,0
boaeddprepaidservices.com,boaeddprepaidservices.com,0,0,-1,0
http://drilldeliver.com/xbgssimr/BmzxcMn,drilldeliver.com,0,0,-1,0
mfrvvic.com/Byxyo8KX,mfrvvic.com,0,0,-1,0
usps.uspsbgf.org,usps.uspsbgf.org,0,0,-1,0
hse.service-report.com/?book,hse.service-report.com,0,0,-1,0
5wac5ltscn.co/oaktfqv,5wac5ltscn.co,0,0,-1,0
www.Oprahs.diet,www.Oprahs.diet,0,0,-1,0
https://wsssend.com/revalidate/k8h5,wsssend.com,0,0,-1,0
https://americfamilyassist.com,americfamilyassist.com,0,0,-1,0
http://www.xprswebsite.com/free/dev2/support?=7455071,www.xprswebsite.com,0,0,-1,0
R7J2j.com/c4IZVmlgka,R7J2j.com,0,0,-1,0
mla0q2djmf.co/jszuy,mla0q2djmf.co,0,0,-1,0
https://forms.gle/wfmtmZUfZ7d5bcJX6?XujiLSn,forms.gle,0,0,400,0
https://usps-tracking-tols-oh.com,usps-tracking-tols-oh.com,0,0,-1,0
t.co/bV21xitX5t,t.co,3367,295,200,0
gravitygeeks.com/?t9bPrQ2j4o,gravitygeeks.com,0,0,-1,0
http://jkyrlw.com/YnzljRD,jkyrlw.com,0,0,-1,0
zskuyyd.com/aj4BdNxG,zskuyyd.com,1038,0,200,1
http://lxhtwb.com/G21sEyA,lxhtwb.com,0,0,-1,0
http://flatterlaud.cricket/0VH9A5,flatterlaud.cricket,0,0,-1,0
http://eatingupper.finance/WuHj8ekM,eatingupper.finance,0,0,-1,0
www.linkedin.com/slink?code=d8KfdKXY,www.linkedin.com,140927,5254,200,0
vnnim.cc/mNGtaOl,vnnim.cc,0,0,-1,0
https://app.atlcunion.org/a0c418,app.atlcunion.org,0,0,-1,0
leftfxn.com/aEdebm5r,leftfxn.com,0,0,-1,0
http://supplyform.boutique/YEXP11Qs,supplyform.boutique,0,0,-1,0
https://uspssongshejj.top,uspssongshejj.top,0,0,-1,0
appliedtriumph.com/HW3SV3,appliedtriumph.com,0,0,-1,0
whatsapp://chat/?code=KGGDbfgVo337hX6umWORvx,.chat,0,0,-1,0
https://lnkd.in/ekwVSzPa,lnkd.in,140927,5254,200,0
s.id/1vjjp,s.id,111345,4346,200,0
https://tinyurl.com/UBPVerify,tinyurl.com,13574,0,200,1
https://securfyied.000webhostapp.com/auth2,securfyied.000webhostapp.com,0,0,-1,0
http://s953495841.onlinehome.us/fix?_recovrAccount,s953495841.onlinehome.us,0,0,-1,0
unusa.id/csv8,unusa.id,10527,1102,200,0
http://kxqghk.com/ROpuoNr,kxqghk.com,0,0,-1,0
t.ly/E3Y_QgN,t.ly,0,0,200,0
http://serviceprocesses.me/kfuf3,serviceprocesses.me,0,0,-1,0
congvd.me/X2Onlwz97M,congvd.me,0,0,-1,0
http://denywhence.network/DOqxdH9d ,denywhence.network,0,0,-1,0
Pbpls.COM/E5JyPE6w5t,Pbpls.COM,0,0,-1,0
http://xqgpft.com/mn118G9,xqgpft.com,0,0,-1,0
http://membershipnetflix:911@s955861601.onlinehome.us/mo,s955861601.onlinehome.us,0,0,-1,0
https://express.adobe.com/page/IkvuZSZq2z1lj/,express.adobe.com,44184,46,200,0
a4nrv.info/YCdfXPIKIp,a4nrv.info,0,0,-1,0
hqwr.link/77Taj8F,hqwr.link,0,0,-1,0
https://rb.gy/xpsqr,rb.gy,372242,12265,200,1
www.CelebTMZ.buzz,www.CelebTMZ.buzz,1134,0,200,1
https://wellsfargo-zellepayment.com,wellsfargo-zellepayment.com,0,0,-1,0
https://stews.mom/JTsRpeLZ,stews.mom,0,0,-1,0
cesbc.us/,cesbc.us,0,0,-1,0
surveypurpose.com/wv95u,surveypurpose.com,0,0,-1,0
https://usps.uipackage.com,usps.uipackage.com,0,0,-1,0
http://www.cxes.click/2JkZZoeX,www.cxes.click,0,0,-1,0
boasmsportal.online,boasmsportal.online,0,0,-1,0
usps,usps.,0,0,-1,0
https://usps.trackquick-pk.shop,usps.trackquick-pk.shop,0,0,-1,0
https://bit.ly/3Nx3ar6,bit.ly,106530,8532,200,1
http://s953909557.onlinehome.us/servweb,s953909557.onlinehome.us,0,0,-1,0
http://hnkmrb.com/WIXTZAO,hnkmrb.com,0,0,-1,0
